L2 Error,L1 Error,L_inf Error,Relative L2 Error,Relative L1 Error,Relative L_inf Error
0.00914235,0.0055907206,0.03679818,0.06721436,0.13297747,0.049332444
